Relatório de Textos Padrão, , , ,Data da geração: 23/02/2026 21:48:23, , ,Total de Textos Padrão Listados: 104
Órgão,Código,Descrição,Sigla auto-texto,Classificação,Público,Usuário,Inclusão
GabRJL,20000016663,"HONORÁRIOS - Não fixação/majoração de honorários recursais. Cabimento apenas em caso de não conhecimento integral ou improvimento do recurso (art. 85, §11º, CPC, EDcl no AgInt no REsp 1.573.573-RJ)",hon-recursais-nao-fixa-majora,Honorários - Sucumbência,N,RBRACKMANN,11/12/2023 16:44:36
GabRJL,20000022902,HONORÁRIOS - Arbitramento. Revogação de mandato (direito potestativo). Necessidade de remuneração proporcional ao trabalho prestado. Vedação ao enriquecimento sem causa. Art. 22 EOAB e Art. 14 CED/OAB,hon-arbit-revog-intro,Honorários - MÉRITO,N,RBRACKMANN,14/08/2024 13:38:25
GabRJL,20000029350,"HONORÁRIOS - Revisional bancária. Fixação sobre o valor da causa ante a impossibilidade de mensurar o proveito econômico imediato (Tema 1076 STJ, REsp 1.989.284/RS).",hon-rev-banc-vlcausa,Honorários - Sucumbência - Bancário,N,RBRACKMANN,30/04/2025 12:17:01
GabRJL,20000037984,HONORÁRIOS - Cobrança. Prescrição. Cláusula de êxito (termo inicial na ciência do levantamento do alvará). Interrupção por demanda anterior extinta sem mérito (afastamento da inércia).,hon-presc-interrup-exito,Honorários - MÉRITO - Prescrição,N,RBRACKMANN,13/10/2025 11:56:24
GabRJL,20000038502,HONORÁRIOS - Responsabilização pessoal do advogado pelas custas e despesas processuais. Ausência de regularização de procuração com indícios de fraude equivale a inexistência de mandato.,hon-resp-adv-sem-mandato,Honorários - Nulidades - Sucumbência,N,RBRACKMANN,30/10/2025 11:33:25
GabRJL,20000040640,"HONORÁRIOS - Sucumbência. Fixação por equidade para evitar distorção quando inestimável o proveito econômico ou valor da causa desproporcional (Tema 1076 STJ, REsp 1.978.842/MA)",hon-equidade-distorção,Honorários - Sucumbência,N,RBRACKMANN,04/02/2026 16:42:31
GabRJL,20000016533,LOCAÇÃO - Liminar de despejo e requisitos do art 59 da Lei 8245/91 - Texto introdutório,estr-loc-despejo-liminar,Estrutura - Despejo - Locação - LIMINAR,N,RBRACKMANN,04/12/2023 14:04:47
GabRJL,20000027908,"LOCAÇÃO - Função social e direito fundamental à moradia não impedem o despejo por inadimplemento. Inexistência de direito a moradia gratuita em imóvel alheio (Art. 6º CF, Lei 8245, dignidade, liminar)",loc-moradia-funcaosocial,Locação - Despejo,N,RBRACKMANN,11/03/2025 11:28:19
GabRJL,20000040351,"LOCAÇÃO - Requisitos para despejo liminar por falta de garantia após exoneração de fiança e validade da notificação eletrônica (art 59 §1 IX, art 40 pu Lei 8245, art 835 CC, e-mail, prazo determinado)",loc-despejo-fianca,Locação - Despejo,N,luanaraffa,26/01/2026 14:23:29
GabRJL,20000040356,LOCAÇÃO - Possibilidade de dispensa de caução para despejo liminar se o inadimplemento for superior a três meses de aluguel. Crédito supre a garantia.,loc-despejo-caução,Locação - Despejo,N,luanaraffa,26/01/2026 15:59:32
GabRJL,20000040357,"LOCAÇÃO - Pedido de efeito suspensivo à apelação - excepcionalidade mediante prova de risco de dano e probabilidade (Art. 58, V, Lei 8245, Art. 1012 CPC, despejo, sentença)",loc-apel-efeito-susp,Locação - Efeito Suspensivo à Apelação,N,luanaraffa,26/01/2026 16:10:55
GabRJL,20000040341,"LOCAÇÃO - Responsabilidade da imobiliária por culpa no exercício do mandato. Inexistência de dever de indenizar danos do locatário sem prova de negligência ou dolo (667 CC, 14 CDC, 186 927 CC)",loc-resp-imobil-mand,Locação - MÉRITO,N,luanaraffa,26/01/2026 12:09:33
GabRJL,20000040343,"LOCAÇÃO - Exame da legitimidade passiva da imobiliária sob a ótica da teoria da asserção, distinguindo atos de gestão de falhas na prestação do serviço (mandatária, 653 667 CC, 186 927)",loc-legit-pass-imobil,Locação - Legitimidade Passiva,N,luanaraffa,26/01/2026 12:34:06
GabRJL,20000040345,"LOCAÇÃO - Prazo prescricional trienal para a pretensão de recebimento de aluguéis e encargos acessórios da relação locatícia (206 §3º I CC, três anos, prédios urbanos rústicos)",loc-prescricao-trienal,Locação - Prescrição - MÉRITO,N,luanaraffa,26/01/2026 13:32:23
GabRJL,20000040346,LOCAÇÃO - Termo final do contrato fixado na entrega das chaves ou imissão na posse. Aluguéis são devidos durante o período em que o bem permaneceu indisponível por culpa do ex-inquilino,loc-locativos-reparos,Locação - MÉRITO,N,luanaraffa,26/01/2026 13:52:32
GabRJL,20000040339,"LOCAÇÃO - Necessidade de notificação prévia do locatário para acompanhar a vistoria final. Prova unilateral que impede a cobrança de reparos e multas (23 III Lei 8245/91, contraditório, dano, laudo)",loc-vistoria-notif,Locação - MÉRITO,N,RBRACKMANN,26/01/2026 11:52:06
GabRJL,20000040340,"LOCAÇÃO - Possibilidade de cumulação de multa moratória e compensatória se fatos geradores distintos. Veda bis in idem se ambas decorrem do inadimplemento (Cláusula penal, infração, atraso, aluguel)",loc-multas-bisidem,Locação - MÉRITO,N,RBRACKMANN,26/01/2026 12:09:27
GabRJL,20000040344,"LOCAÇÃO - Legitimidade ativa do locador independe de prova da propriedade do imóvel. (Art. 22 Lei 8245, Art. 60, natureza pessoal, posse)",loc-legit-propriedade,Locação - Legitimidade Ativa,N,RBRACKMANN,26/01/2026 12:38:58
GabRJL,20000040349,"LOCAÇÃO - Validade da cláusula de renúncia à indenização por benfeitorias e ao direito de retenção. Inexistência de abusividade (Art. 35 Lei 8245, Súmula 335 STJ, necessária, útil, incorporação, dano)",loc-benfeit-renuncia,Locação - MÉRITO,N,RBRACKMANN,26/01/2026 14:04:02
GabRJL,20000041081,LOCAÇÃO - Legitimidade ativa do novo proprietário para cobrar alugueis. Sub-rogação legal do adquirente nos direitos do locador após alienação.,loc-legit-novo-proprietario,Locação - Legitimidade Ativa,N,RBRACKMANN,21/02/2026 19:29:37
GabRJL,20000041082,LOCAÇÃO - Ilegitimidade ativa da administradora de imóveis para atuar em nome próprio. Mera representante/mandatária do locador. Vedação de pleitear direito alheio.,loc-ilegit-imobiliaria,Locação - Legitimidade Ativa,N,RBRACKMANN,21/02/2026 19:35:28
GabRJL,20000022854,CORRETAGEM - Texto introdutório. Características do contrato. Aproximação das partes e resultado útil (art. 722 a 725 CC). Comissão. Cláusula de exclusividade (art. 726 CC).,corretagemintro,Estrutura - MÉRITO,N,RBRACKMANN,12/08/2024 17:12:12
GabRJL,20000016993,"ADMISS - Afastar preliminar de ofensa à dialeticidade por haver enfrentamento suficiente dos fundamentos da decisão (conhecimento do recurso,",adm-dialet-afasta-preliminar,Admissibilidade - MÉRITO - Dialeticidade,N,carlamd,11/01/2024 13:59:08
GabRJL,20000019880,"ADMISS - Inadmissibilidade por violação à dialeticidade (razões dissociadas, repetição de argumentos, impugnação específica, art. 932, III, art. 1.010, III, art. 1.016, III e art. 1.021, §1º, do CPC)",adm-dialeticidade-intro,Admissibilidade - Agravo de instrumento - Agravo interno - Apelação - Estrutura - Dialeticidade,N,RBRACKMANN,19/03/2024 12:02:06
GabRJL,20000021624,ADMISS - Inadmissibilidade de pedidos formulados em contrarrazões sem recurso próprio ou adesivo,adm-contrarraz-pedidos,Admissibilidade - MÉRITO,N,RBRACKMANN,07/06/2024 16:29:12
GabRJL,20000022896,"ADMISS - Inadmissibilidade por ausência de interesse recursal (binômio utilidade-necessidade, art. 996 e 504, I, CPC, recurso contra fundamentação, dispositivo)",adm-interesse-recursal-intro,Admissibilidade - Interesse,N,RBRACKMANN,14/08/2024 12:52:43
GabRJL,20000023236,ADMISS - Deserção preparo recolhido guia primeiro grau,desp-desercao-1grau,Distribuição - Preparo - Admissibilidade - Agravo de instrumento,N,TDOLEYS,27/08/2024 12:00:05
GabRJL,20000023237,ADMISS - Deserção guia simples pagamento dobro determinado insuficiência,desp-desercao-guia-simples,Distribuição - Admissibilidade - Preparo,N,TDOLEYS,27/08/2024 12:04:45
GabRJL,20000023238,ADMISS - Deserção pagamento preparo cinco dias,desp-desercao-5dias,Distribuição - Admissibilidade - Preparo,N,TDOLEYS,27/08/2024 12:07:17
GabRJL,20000023249,ADMISS - Não conhecer AI embargos declaração recebidos como pedido reconsideração intempestividade,embargos como reconsideração,Distribuição - Admissibilidade - Tempestividade - Agravo de instrumento,N,TDOLEYS,27/08/2024 13:30:53
GabRJL,20000023267,"ADMISS - Inadmissibilidade de agravo contra determinação de emenda à inicial (despacho de mero expediente, ausência de cunho decisório, art. 1.001 CPC, irrecorribilidade)",adm-cab-despacho,Admissibilidade - Cabimento - Distribuição - Agravo de instrumento,N,RBRACKMANN,27/08/2024 15:45:34
GabRJL,20000023270,"ADMISS - Inadmissibilidade de agravo contra decisão que rejeita preliminar de ilegitimidade (rol taxativo, art. 1.015 CPC, Tema 988 STJ, condição da ação, preliminar apelação, exclusão litisconsorte)",adm-cab-legitimidade-mantida,Admissibilidade - Agravo de instrumento - Cabimento - Legitimidade Ativa - Legitimidade Passiva - Distribuição,N,RBRACKMANN,27/08/2024 16:17:56
GabRJL,20000023271,"ADMISS - Inadmissibilidade de agravo contra decisão em embargos à execução (ação de conhecimento incidental, rol taxativo, art. 1.015, parágrafo único, REsp 1.682.120/RS)",adm-cab-embexec,Admissibilidade - Cabimento - Distribuição - Execução,N,RBRACKMANN,27/08/2024 16:27:26
GabRJL,20000023272,"ADMISS - Inadmissibilidade de agravo contra decisão que designa, dispensa ou indefere cancelamento de audiência de conciliação (rol taxativo, art. 1.015 CPC, Tema 988 STJ)",adm-cab-audiencia,Admissibilidade - Agravo de instrumento - Cabimento - Distribuição,N,RBRACKMANN,27/08/2024 16:37:03
GabRJL,20000023273,"ADMISS - Inadmissibilidade de agravo de instrumento contra decisão que decreta ou afasta a revelia (rol taxativo, art. 1.015 CPC, ausência de urgência, Tema 988 STJ)",adm-cab-revelia,Admissibilidade - Cabimento - Distribuição - Agravo de instrumento,N,RBRACKMANN,27/08/2024 16:41:43
GabRJL,20000023274,"ADMISS - Inadmissibilidade de agravo contra decisão que defere gratuidade de justiça ou rejeita pedido de sua revogação (rol taxativo, art. 1.015, V, CPC, impugnação via art. 100, preliminar apelação)",adm-cab-ajg-deferida-nao-revog,Admissibilidade - Cabimento - Distribuição - Gratuidade de Justiça,N,RBRACKMANN,27/08/2024 16:49:49
GabRJL,20000023278,"ADMISS - Inadmissibilidade de agravo contra sentença que extingue a execução (erro grosseiro, fungibilidade inviável, recurso cabível apelação, art. 203, §1º, art. 1.009 CPC)",adm-cab-extinção-execução,Admissibilidade - Cabimento - Agravo de instrumento - Distribuição - Execução,N,RBRACKMANN,27/08/2024 17:06:26
GabRJL,20000023610,"ADMISS - Rejeição de falta de interesse de agir por desnecessidade de prévia tentativa extrajudicial ou administrativa (acesso à justiça, pretensão resistida, art 5 XXXV CF, condição da ação)",afastar falta de interesse,Preliminares - Interesse,N,TDOLEYS,06/09/2024 17:43:50
GabRJL,20000024187,"AJG - Indeferimento de gratuidade para pessoa física com renda superior a 5 salários mínimos. Afastamento da presunção de pobreza por provas em contrário (99 §2º CPC, Conclusão 49 TJRS)",ajg-pf-indeferir,MÉRITO - Gratuidade de Justiça,N,TDOLEYS,24/09/2024 12:00:20
GabRJL,20000024189,AJG - Pessoa física deferir gratuidade justiça monocrática hipossuficiência presunção renda 98 CPC,ajg-pf-deferir,Gratuidade de Justiça - MÉRITO,N,TDOLEYS,24/09/2024 12:04:40
GabRJL,20000024190,"AJG - Indeferimento de gratuidade à pessoa jurídica em atividade regular com saldo positivo. Ausência de prova de hipossuficiência atual ou prejuízo (Súmula 481 STJ, CNPJ ativo, faturamento, negar)",ajg-pj-indefere,Gratuidade de Justiça - MÉRITO,N,TDOLEYS,24/09/2024 12:14:20
GabRJL,20000024191,AJG - Deferimento de gratuidade à pessoa jurídica mediante comprovação documental de insuficiência financeira,ajg-pj-defere,Gratuidade de Justiça - MÉRITO,N,TDOLEYS,24/09/2024 12:17:32
GabRJL,20000024303,"ADMISS - Inadmissibilidade de agravo contra decisão que indefere produção de provas ou dilação probatória (rol taxativo, art. 1.015, preliminar apelação, Tema 988 STJ, testemunha, perícia)",adm-cab-provas,Admissibilidade - Agravo de instrumento - Cabimento - Distribuição - Provas,N,RBRACKMANN,27/09/2024 12:19:34
GabRJL,20000024744,"ADMISS - Inadmissibilidade de documentos juntados em grau recursal sem justa causa (art. 223 e 435 CPC, preclusão, inovação recursal, documento novo, extemporaneidade, prova intempestiva)",adm-docs-extemporaneos,Admissibilidade - MÉRITO - Provas,N,RBRACKMANN,09/10/2024 15:12:02
GabRJL,20000029274,"AJG - Deferimento de gratuidade a empresário individual ou MEI. Ausência de personalidade jurídica própria e presunção de veracidade da declaração de pobreza (44 CC, 98 99 CPC, REsp 1.899.342, CNPJ)",ajg-mei-defere,Gratuidade de Justiça - MÉRITO,N,RBRACKMANN,29/04/2025 15:10:59
GabRJL,20000030323,BANCÁRIO. RMC. PRELIMINAR. Afastamento de prescrição e decadência. Relação de trato sucessivo. Renovação mensal do prazo a cada desconto no benefício previdenciário.,ban-rmc-prescrIção-decadência,Bancário - Preliminares - Prescrição,N,TDOLEYS,30/05/2025 18:41:31
GabRJL,20000030326,PRELIMINAR - Litigância predatória. Rejeição. Mero ajuizamento de ações semelhantes não configura abuso. Investigação ética compete à OAB/Órgãos de Classe. Manutenção do direito de ação.,adm-advocacia-predatoria,Preliminares,N,TDOLEYS,01/06/2025 14:30:56
GabRJL,20000030498,"PRESCRIÇÃO - Prejudicial em apelação. Preclusão. Tese de prescrição ou decadência decidida em interlocutória e não agravada (art 1015 II CPC, coisa julgada, preliminar)",presc-preclusao-interloc,Preliminares - Apelação - Prescrição,N,RBRACKMANN,05/06/2025 16:43:44
GabRJL,20000034127,AJG - Pessoa jurídica em Liquidação Extrajudicial - Portocred - Indeferir,AJG-pj-liquidação-indefere,Gratuidade de Justiça - MÉRITO,N,RBRACKMANN,15/09/2025 13:08:04
GabRJL,20000038428,"ADMISS - Análise da legitimidade passiva e condições da ação pela teoria da asserção em abstrato (petição inicial, causa de pedir, pertinência subjetiva, fato imputado, mérito, status assertionis)",adm-legit-assercao-stj,Legitimidade Passiva - Preliminares,N,RBRACKMANN,28/10/2025 15:15:46
GabRJL,20000040480,"PRESCRIÇÃO - Suspensão pela Lei 14.010/2020 (RJET). Cálculo de 142 dias (10/06 a 30/10/20) automático e necessidade de prova para período anterior (Covid-19, STJ, REsp 2015440, força maior)",prescição-pandemia-rjet-stj,Prescrição - Preliminares,N,RBRACKMANN,30/01/2026 10:13:39
GabRJL,20000022143,"CONSUMIDOR - Notificação prévia (art. 43, §2º CDC). Validade do e-mail/SMS. Distinguishing do REsp 2.056.285/RS. Precedente 4ª Turma STJ (REsp 2.063.145/RS) e TJRS. Consentimento e prova de entrega.",cdc-notifi-eletronica-validade,CDC - MÉRITO - Responsabilidade Civil,N,RBRACKMANN,03/07/2024 18:13:53
GabRJL,20000024073,"REVISIONAL - Seguro prestamista. Venda casada (art. 39, I, CDC). Tema 972 STJ (REsp 1.639.259/SP). Liberdade de contratar e de escolha da seguradora. Necessidade de causa de pedir específica.",ban-seguro-venda-casada,Bancário,N,RBRACKMANN,19/09/2024 14:00:48
GabRJL,20000024093,"CONSUMIDOR - Repetição em dobro do indébito conforme EREsp 1.413.542/RS e modulação de efeitos (art 42 CDC, dever informação, má-fé, boa-fé objetiva, restituição simples, sanção)",repetição indébito dobro,CDC - Sanções / Multas - Responsabilidade Civil,N,RBRACKMANN,19/09/2024 19:01:50
GabRJL,20000030183,REVISIONAL - Tarifas administrativas. TAC. TEC. Tarifa de Cadastro (início de relacionamento). IOF. Temas Repetitivos STJ (REsp 1.251.331 e 1.255.573). Súmulas 565 e 566 do STJ.,ban-tarifas-tac-tec-iof,Bancário - MÉRITO,N,RBRACKMANN,27/05/2025 11:01:57
GabRJL,20000030314,BANCÁRIO - RMC. Repetição de indébito. Forma simples. IRDR 28. Descontos amparados em contrato vigente até anulação judicial. Afastamento do art. 42 do CDC.,ban-rmc-repeticao-simples,Bancário,N,TDOLEYS,30/05/2025 13:51:12
GabRJL,20000030368,BANCÁRIO - RMC. Pedido subsidiário de revisão/conversão. Inviabilidade de aplicação da taxa média do empréstimo consignado comum (Série 25468/20746). Naturezas distintas.,ban-rmc-revisao-inviabil,Bancário,N,RBRACKMANN,02/06/2025 19:09:40
GabRJL,20000032857,"CONSUMIDOR - Inversão do ônus da prova (art. 6º, VIII, CDC). Limites: verossimilhança e viabilidade. Não aplicação absoluta. Ônus de quem afirma fato positivo. Vedação à prova impossível ou diabólica.",cdc-inversao-onus-limites,Provas - CDC,N,RBRACKMANN,18/08/2025 19:28:29
GabRJL,20000033496,"BANCÁRIO - Produção antecipada de prova. Exibição. Interesse processual. REsp 1.349.453/MS. Idoneidade do pedido administrativo (AR, Cartório ou Protocolo). Sigilo bancário. Firma reconhecida.",ban-exibição-interesse-agir,CDC - Bancário - Interesse,N,RBRACKMANN,11/09/2025 13:13:35
GabRJL,20000038020,CONSUMIDOR - Aplicabilidade do CDC à pessoa jurídica. Teoria finalista (destinatário fático e econômico) vs. Teoria finalista mitigada/aprofundada. Requisito da vulnerabilidade in concreto.,cdc-finalismo-mitigado,CDC - MÉRITO,N,RBRACKMANN,14/10/2025 12:03:56
GabRJL,20000025568,"SANÇÕES / MULTAS - Critérios para configuração de litigância de má-fé, distinção de estratégia processual e incompetência disciplinar sobre advogado (dolo, conduta maliciosa, desleal, OAB, art 80 CPC)",litigância-ma-fe-geral,Sanções / Multas,N,RBRACKMANN,08/11/2024 15:09:07
GabRJL,20000025754,"RESP. CIVIL - Inexistência de dano moral in re ipsa em fraude de empréstimo consignado sem circunstâncias agravantes (desconto indevido, benefício previdenciário, punitive damages, punitivos)",danos-banc-desconto-indevido,CDC - Apelação - Responsabilidade Civil - Bancário,N,RBRACKMANN,18/11/2024 17:54:57
GabRJL,20000037565,"RESP. CIVIL - Responsabilidade do advogado pela perda de uma chance exige chance séria e real de êxito e conduta culposa (negligência, obrigação de meio, art 667 CC, nexo causal, probabilidade)",danos-adv-perda-chance,Responsabilidade Civil - MÉRITO,N,RBRACKMANN,29/09/2025 15:46:02
GabRJL,20000028884,"NULIDADE - Preliminar de cerceamento de defesa e decisão surpresa por revogação de inversão do ônus da prova sem prejuízo (pas de nullité sans grief, art 9, 10, 277, 278, 357 CPC, CDC)",nulid-cerceam-prejuizo,Nulidades,N,RBRACKMANN,15/04/2025 12:53:41
GabRJL,20000038017,"NULIDADE - Critérios de fundamentação e dever de enfrentar argumentos capazes de infirmar a conclusão do julgador (art 489 IV CPC, CF 93 IX, omissão, relevância potencial, contraditório, síntese)",nulid-489-iv,Nulidades,N,RBRACKMANN,14/10/2025 10:45:16
GabRJL,20000038019,"NULIDADE - Critérios para identificar fundamentação genérica e vício de genericidade absoluta na decisão (art 489 III CPC) (nexo causal, caso concreto, nulidade, CF 93 IX, motivação, similitude)",nulid-489-iii,Nulidades,N,RBRACKMANN,14/10/2025 10:46:50
GabRJL,20000040350,"NULIDADE - Invalidade relativa de garantia (fiança/aval) por falta de outorga uxória. Legitimidade exclusiva do cônjuge prejudicado ou herdeiros. Vedação à torpeza (1650 CC, 18 CPC, STJ, Súmula 332)",nulid-outorga-uxoria,Fiança - Nulidades,N,RBRACKMANN,26/01/2026 14:16:52
GabRJL,20000017830,EXECUÇÃO - Cálculos. Metodologia e critérios jurídicos. Erro material aritmético vs. Matéria de ordem pública. Juros e correção. Lei 14.905/24. SELIC. Tema 1.361 STF,OI - CÁLCULO - PRECLUSÃO,Execução - Juros e Correção Monetária,N,TDOLEYS,06/02/2024 15:36:20
GabRJL,20000023525,EXECUÇÃO - Exceção de pré-executividade. Alegação de excesso de execução. Necessidade de prova pré-constituída e desnecessidade de dilação probatória.,excesso de execução-exceção,Execução,N,TDOLEYS,04/09/2024 16:54:09
GabRJL,20000027423,"JUROS / CORREÇÃO - Incidência da Lei 14.905/24 (IPCA e SELIC) e aplicação imediata por ser matéria de ordem pública conforme Tema 1361 STF (art 389, art 406 CC, juros legais, atualização monetária)",ipca-selic,Juros e Correção Monetária - Execução - MÉRITO,N,RBRACKMANN,17/02/2025 15:39:52
GabRJL,20000037979,"EXECUÇÃO - Princípio da menor onerosidade vs. interesse do credor. Ônus do devedor de indicar meios mais eficazes e menos gravosos (art. 805 e parágrafo único, CPC). Equilíbrio e efetividade.",exec-menor-onerosidade,Execução,N,RBRACKMANN,13/10/2025 10:13:30
GabRJL,20000037992,"EXECUÇÃO - Embargos à execução. Efeito suspensivo. Requisitos cumulativos do art. 919, §1º, do CPC. Relevância da argumentação. Risco de dano. Garantia do juízo.",embargos sem garantia,Execução,N,RBRACKMANN,13/10/2025 14:11:29
GabRJL,20000038531,"EXECUÇÃO - Impenhorabilidade pequena propriedade rural (até 4 módulos fiscais, exploração familiar, subsistência, ônus do devedor, art. 5º XXVI CF, art. 833 VIII CPC, REsp 1.913.234/SP)",exec-impen-rural-completo,Execução - Penhora,N,RBRACKMANN,31/10/2025 11:17:49
GabRJL,20000041060,"EXECUÇÃO - Impenhorabilidade do bem de família (Lei 8.009/90, direito à moradia, art. 6º CF, dignidade da pessoa humana, pluralidade de imóveis, afastamento temporário, REsp 1.482.724/SP)",exec-impen-bemfam-completo,Execução - Penhora,N,RBRACKMANN,20/02/2026 13:27:32
GabRJL,20000015320,ED - Natureza jurídica. Esclarecimento e integração. Função integradora do julgado.,edintro,Estrutura - Embargos de declaração,N,RBRACKMANN,11/10/2023 12:30:44
GabRJL,20000015321,"ED - Dever de fundamentação. Limites do art. 489, §1º, IV, do CPC. Desnecessidade de responder a todos os argumentos. Exame restrito a teses capazes de infirmar a conclusão do julgador.",edomissão,Estrutura - Embargos de declaração,N,RBRACKMANN,11/10/2023 12:34:01
GabRJL,20000015322,"ED - Definição de contradição sanável. Necessidade de vício interno entre proposições do próprio julgado. Inviabilidade de alegar contradição com prova, lei ou entendimento da parte.",edcontradição,Estrutura - Embargos de declaração,N,RBRACKMANN,11/10/2023 12:35:33
GabRJL,20000015323,ED - Definição de erro material. Lapso involuntário na escrita ou cálculo vs. decisão voluntária e motivada. Inexistência de vício sanável quando há discordância sobre o mérito.,ederromaterial,Estrutura - Embargos de declaração,N,RBRACKMANN,11/10/2023 12:36:31
GabRJL,20000015324,"ED - Conceito de obscuridade. Vício de inteligibilidade, ambiguidade interpretativa e falta de clareza no arranjo de termos.",edobscuridade,Estrutura - Embargos de declaração,N,RBRACKMANN,11/10/2023 12:37:06
GabRJL,20000015693,"ESTRUTURA - Prequestionamento ficto de teses e dispositivos. Inteligência dos arts. 489, §1º, IV e 1.025 do CPC. Fundamentação suficiente.",estr-prequestionamento,Estrutura - MÉRITO,N,RBRACKMANN,26/10/2023 12:14:50
GabRJL,20000015784,"ESTRUTURA - Pessupostos da tutela de urgência e equilíbrio com contraditório (art 300 CPC, inaudita altera parte, probabilidade direito, perigo dano, risco resultado útil)",estr-tutela-300,Estrutura - LIMINAR,N,RBRACKMANN,30/10/2023 19:02:15
GabRJL,20000019100,ESTRUTURA - Submissão do feito ao julgamento virtual. Certificação de ausência de oposição tempestiva das partes. Fundamentação nos artigos 247 e 248 do RITJRS.,estr-julg-virtual-ritjrs,Estrutura - Admissibilidade,N,carlamd,25/02/2024 13:49:48
GabRJL,20000024006,ESTRUTURA - Relatório introdutório genérico para decisões em recursos,estr-relat-generico,Estrutura - Agravo interno - Apelação,N,RBRACKMANN,17/09/2024 18:57:08
GabRJL,20000038047,"ED - Prequestionamento. Desnecessidade de manifestação sobre todos os artigos. Prequestionamento ficto nos termos do art. 1.025 do CPC. Fundamentação suficiente (art. 489, §1º, IV).",eds-prequestionamento,Estrutura - Embargos de declaração,N,RBRACKMANN,15/10/2025 14:23:35
GabRJL,20000040418,ESTRUTURA - Esqueleto genérico voto recurso apelação agravo,estr-voto-generico,Estrutura - Agravo de instrumento - Apelação,N,RBRACKMANN,28/01/2026 13:48:39
GabRJL,20000040509,ESTRUTURA - Relatório introdutório agravo interno,estr-relat-agrint,Estrutura - Agravo interno,N,RBRACKMANN,03/02/2026 16:50:32
GabRJL,20000040510,ESTRUTURA - Voto agravo interno padrão introdução fundamentação dispositivo,estr-voto-agrint,Estrutura - Agravo interno,N,RBRACKMANN,03/02/2026 16:52:07
GabRJL,20000015419,"DESPACHO - Introdução agravo de instrumento sobre efeito suspensivo e tutela antecipada recursal ativa (art 1019 I, 297, 300 CPC, urgência, probabilidade direito, perigo dano, resultado útil)",desp-ai-tutela-intro,Agravo de instrumento - Estrutura - LIMINAR,N,RBRACKMANN,16/10/2023 18:38:56
GabRJL,20000015421,DESPACHO - Agravo instrumento intimar agravado contrarrazões prazo resposta manifestação,desp-ai-contrarraz,Agravo de instrumento,N,RBRACKMANN,16/10/2023 18:41:17
GabRJL,20000015678,DESPACHO - Receber agravo de instrumento sem pedido de efeito suspensivo ou tutela antecipada liminar,desp-ai-recebimento,Distribuição,N,RBRACKMANN,25/10/2023 14:56:05
GabRJL,20000016134,DESPACHO - AJG indeferida intimar recolher custas finais gratuidade revogada pagamento,desp-ajg-custasfinais,Distribuição - Preparo - Gratuidade de Justiça,N,RBRACKMANN,16/11/2023 12:23:28
GabRJL,20000023239,DESPACHO - AJG pessoa física indeferir gratuidade intimar recolher preparo custas hipossuficiência,desp-ajg-pf-indefere,Distribuição - Preparo - Gratuidade de Justiça,N,TDOLEYS,27/08/2024 12:18:13
GabRJL,20000023240,DESPACHO - AJG pessoa jurídica indeferir gratuidade intimar recolher preparo custas empresa,desp-ajg-pj-indefere,Distribuição - Preparo - Gratuidade de Justiça,N,TDOLEYS,27/08/2024 12:21:26
GabRJL,20000023254,DESPACHO - Apelação sentença extintiva inércia do autor retratação abandono intimação pessoal 485,desp-retrat-inercia,Distribuição - Apelação - Retratação,N,TDOLEYS,27/08/2024 14:17:10
GabRJL,20000023255,DESPACHO - Apelação sentença extintiva improcedência liminar retratação juízo primeiro grau art 332 485,desp-retrat-improced,Distribuição - Apelação - Retratação,N,TDOLEYS,27/08/2024 14:20:44
GabRJL,20000023257,DESPACHO - Apelação sentença extintiva indeferimento inicial retratação petição inépcia 331,desp-retrat-indeferida,Distribuição - Apelação - Retratação,N,TDOLEYS,27/08/2024 14:25:14
GabRJL,20000023242,"DESPACHO - Intimação para comprovar AJG na origem ou recolher preparo em dobro por ausência de comprovação no ato da interposição (art. 1.007, §4º, CPC, silêncio, omissão,)",desp-prep-dobro-silencio,Admissibilidade - Distribuição - Preparo,N,RBRACKMANN,27/08/2024 12:50:48
GabRJL,20000023243,"DESPACHO - Intimação para regularizar preparo recolhido no primeiro grau e orientações sobre pedido de restituição de custas equivocadas (art. 1.007, §7º, CPC, Ato 026/2010-P, segundo grau, deserção)",desp-prep-1grau,Admissibilidade - Distribuição - Preparo - Agravo de instrumento,N,RBRACKMANN,27/08/2024 12:58:34
GabRJL,20000023246,"DESPACHO - Intimação para recolhimento do preparo em dobro por intempestividade do pagamento (art. 1.007, §4º, CPC, Ofício-Circular 05/2019-DIJUD, expediente forense, horário bancário, guia, deserção)",desp-prep-dobro-intempes,Admissibilidade - Distribuição - Preparo - Agravo de instrumento,N,RBRACKMANN,27/08/2024 13:11:42
GabRJL,20000023247,"DESPACHO - Intimação para recolhimento do preparo em dobro por juntada de guia de processo diverso (art. 1.007, §4º, CPC, erro na comprovação, processo diferente, prazo 5 dias, deserção, custas)",desp-prep-dobro-procdivers,Admissibilidade - Distribuição - Preparo,N,RBRACKMANN,27/08/2024 13:18:18
GabRJL,20000023250,"DESPACHO - Intimação para complementar preparo insuficiente no prazo de 5 dias sob pena de deserção (art. 1.007, §2º, CPC, recolhimento simples, diferença de valores, guia)",desp-prep-complem-simples,Admissibilidade - Distribuição - Preparo,N,RBRACKMANN,27/08/2024 13:39:39
GabRJL,20000023261,DESPACHO - repetição de ação rescisória previamente extinta sem julgamento de mérito prevenção,desp-prevencao-resc,Distribuição - Prevenção,N,RBRACKMANN,27/08/2024 14:40:26
GabRJL,20000023263,DESPACHO - Prevenção declinar competência recurso prévio decidido por outro desembargador,Prevenção - recurso prévio,Distribuição - Prevenção,N,RBRACKMANN,27/08/2024 14:58:05
GabRJL,20000038453,DESPACHO - emissão de guia para preparo recursal,desp-guia-preparo,Distribuição - Preparo,N,TDOLEYS,29/10/2025 13:24:24